{
  "SOLUSDT_LONG": 63.60438791733,
  "LINKUSDT_LONG": 7.311,
  "NXPCUSDT_LONG": 0.34391213
}
